{"cameraMode":{"drawMode":0,"name":"Shaded","section":"Shading Mode"},"sceneLighting":true,"audioPlay":false,"sceneViewState":{"showFog":true,"showMaterialUpdate":true,"showSkybox":true,"showFlares":true,"showImageEffects":true,"showParticleSystems":true},"in2DMode":false,"pivot":{"x":7.782902717590332,"y":-3.594141960144043,"z":-13.486080169677735},"rotation":{"x":-0.16132301092147828,"y":0.1946047693490982,"z":-0.032466351985931399,"w":-0.9669799208641052},"size":5.176707744598389,"orthographic":false}