{"cameraMode":{"drawMode":0,"name":"Shaded","section":"Shading Mode"},"sceneLighting":false,"audioPlay":false,"sceneViewState":{"showFog":true,"showMaterialUpdate":true,"showSkybox":false,"showFlares":true,"showImageEffects":true,"showParticleSystems":true},"in2DMode":false,"pivot":{"x":3.9553680419921877,"y":-4.602906227111816,"z":7.4245429039001469},"rotation":{"x":-0.16132301092147828,"y":0.1946047693490982,"z":-0.032466351985931399,"w":-0.9669799208641052},"size":3.3270692825317385,"orthographic":false}