{"cameraMode":{"drawMode":0,"name":"Shaded","section":"Shading Mode"},"sceneLighting":false,"audioPlay":false,"sceneViewState":{"showFog":true,"showMaterialUpdate":true,"showSkybox":false,"showFlares":true,"showImageEffects":true,"showParticleSystems":true},"in2DMode":false,"pivot":{"x":-1.2557764053344727,"y":-0.15675735473632813,"z":-1.5923347473144532},"rotation":{"x":-0.21358779072761537,"y":0.2858128249645233,"z":-0.06550869345664978,"w":-0.9318801164627075},"size":4.523033142089844,"orthographic":false}