{"cameraMode":{"drawMode":0,"name":"Shaded","section":"Shading Mode"},"sceneLighting":false,"audioPlay":false,"sceneViewState":{"showFog":true,"showMaterialUpdate":true,"showSkybox":false,"showFlares":true,"showImageEffects":true,"showParticleSystems":true},"in2DMode":false,"pivot":{"x":1.0871548652648926,"y":-4.531945705413818,"z":5.5447845458984379},"rotation":{"x":-0.16132301092147828,"y":0.1946047693490982,"z":-0.032466351985931399,"w":-0.9669799208641052},"size":3.1354963779449465,"orthographic":false}